http://www.wikidata.org/entity/Q163795	Valenciennes	http://www.wikidata.org/entity/Q77725679	Bibliothèque municipale
http://www.wikidata.org/entity/Q78	Basel	http://www.wikidata.org/entity/Q683842	Universitätsbibliothek Basel
http://www.wikidata.org/entity/Q78	Basel	http://www.wikidata.org/entity/Q81164649	Universitätsbibliothek
http://www.wikidata.org/entity/Q365	Köln	http://www.wikidata.org/entity/Q1363860	Erzbischöfliche Diözesan- und Dombibliothek
http://www.wikidata.org/entity/Q365	Köln	http://www.wikidata.org/entity/Q664138	Historisches Archiv
http://www.wikidata.org/entity/Q1022	Stuttgart	http://www.wikidata.org/entity/Q317950	Württembergische Landesbibliothek
http://www.wikidata.org/entity/Q1022	Stuttgart	http://www.wikidata.org/entity/Q1589622	Hauptstaatsarchiv
http://www.wikidata.org/entity/Q1761	Dublin	http://www.wikidata.org/entity/Q856559	The Library of Trinity College
http://www.wikidata.org/entity/Q1761	Dublin	http://www.wikidata.org/entity/Q81165027	Trinity College Library
http://www.wikidata.org/entity/Q1761	Dublin	http://www.wikidata.org/entity/Q1068258	University College Library
http://www.wikidata.org/entity/Q1761	Dublin	http://www.wikidata.org/entity/Q1672830	National Library of Ireland
http://www.wikidata.org/entity/Q1761	Dublin	http://www.wikidata.org/entity/Q1238147	Marsh's Library
http://www.wikidata.org/entity/Q237	Città del Vaticano	http://www.wikidata.org/entity/Q213678	Biblioteca Apostolica Vaticana
http://www.wikidata.org/entity/Q237	Città del Vaticano	http://www.wikidata.org/entity/Q536580	Archivio Apostolico Vaticano
http://www.wikidata.org/entity/Q205537	Épernay	http://www.wikidata.org/entity/Q107483223	Médiathèque d'Épernay
http://www.wikidata.org/entity/Q13362	Ferrara	http://www.wikidata.org/entity/Q1117857	Biblioteca Comunale Ariostea
http://www.wikidata.org/entity/Q2751	Siena	http://www.wikidata.org/entity/Q3639643	Biblioteca Comunale degli Intronati
http://www.wikidata.org/entity/Q1085	Praha	http://www.wikidata.org/entity/Q20755622	Archiv Prazského Hradu, Knihovna Metropolitní Kapituly
http://www.wikidata.org/entity/Q1085	Praha	http://www.wikidata.org/entity/Q1967876	Národní Knihovna Ceské Republiky
http://www.wikidata.org/entity/Q1085	Praha	http://www.wikidata.org/entity/Q46996155	Archiv Pražského hradu
http://www.wikidata.org/entity/Q628	Bergamo	http://www.wikidata.org/entity/Q3639558	Biblioteca Civica Angelo Mai
http://www.wikidata.org/entity/Q628	Bergamo	http://www.wikidata.org/entity/Q113092383	Biblioteca mons. G. M. Radini Tedeschi
http://www.wikidata.org/entity/Q490	Milano	http://www.wikidata.org/entity/Q815611	Biblioteca Ambrosiana
http://www.wikidata.org/entity/Q490	Milano	http://www.wikidata.org/entity/Q81172328	Archivio Storico Civico e Biblioteca Trivulziana
http://www.wikidata.org/entity/Q490	Milano	http://www.wikidata.org/entity/Q771894	Biblioteca Nazionale Braidense
http://www.wikidata.org/entity/Q13364	Ravenna	http://www.wikidata.org/entity/Q3639574	Biblioteca Classense 
http://www.wikidata.org/entity/Q13364	Ravenna	https://imagoarchive.it/resource/casa-cavalli	Casa Cavalli
http://www.wikidata.org/entity/Q13364	Ravenna	https://imagoarchive.it/resource/biblioteca-classense	Biblioteca comunale Classense
http://www.wikidata.org/entity/Q36433	Porto	http://www.wikidata.org/entity/Q630086	Biblioteca Pública Municipal
http://www.wikidata.org/entity/Q8356	Valladolid	http://www.wikidata.org/entity/Q23949493	Biblioteca Universitaria y Biblioteca Historica de Santa Cruz
http://www.wikidata.org/entity/Q2028	Verona	http://www.wikidata.org/entity/Q2901256	Biblioteca Capitolare
http://www.wikidata.org/entity/Q220	Roma	http://www.wikidata.org/entity/Q3639657	Biblioteca dell'Accademia Nazionale dei Lincei e Corsiniana
http://www.wikidata.org/entity/Q220	Roma	http://www.wikidata.org/entity/Q2901320	Biblioteca Vallicelliana
http://www.wikidata.org/entity/Q220	Roma	http://www.wikidata.org/entity/Q856380	Biblioteca Angelica
http://www.wikidata.org/entity/Q220	Roma	http://www.wikidata.org/entity/Q2901274	Biblioteca Casanatense
http://www.wikidata.org/entity/Q220	Roma	http://www.wikidata.org/entity/Q781446	Biblioteca Universitaria Alessandrina
http://www.wikidata.org/entity/Q220	Roma	http://www.wikidata.org/entity/Q84090	Archivio Capitolare Lateranense
http://www.wikidata.org/entity/Q220	Roma	http://www.wikidata.org/entity/Q6382871	Biblioteca Nazionale Centrale Vittorio Emanuele II
http://www.wikidata.org/entity/Q43631	Leiden	http://www.wikidata.org/entity/Q638395	Universiteitsbibliotheek
http://www.wikidata.org/entity/Q3874	Gießen	http://www.wikidata.org/entity/Q28733453	Universitätsbibliothek
http://www.wikidata.org/entity/Q4122	Wolfenbüttel	http://www.wikidata.org/entity/Q663820	Herzog August Bibliothek
http://www.wikidata.org/entity/Q487522	Klosterneuburg	https://imagoarchive.it/resource/klosterneuburg-bibliothek-des-augustiner-chorherrenstiftes	Bibliothek des Augustiner Chorherrenstiftes
http://www.wikidata.org/entity/Q487522	Klosterneuburg	https://imagoarchive.it/resource/bibliothek-des-augustiner-chorherrenstiftes	Bibliothek des Augustiner Chorherrenstiftes 
http://www.wikidata.org/entity/Q49145	New Haven (CT)	http://www.wikidata.org/entity/Q814779	Yale University, Beinecke Rare Book and Manuscript Library
http://www.wikidata.org/entity/Q49145	 New Haven (CT)	http://www.wikidata.org/entity/Q2583293	Yale University Library
http://www.wikidata.org/entity/Q49145	New Haven	http://www.wikidata.org/entity/Q49112	Yale University
http://www.wikidata.org/entity/Q64	Berlin	http://www.wikidata.org/entity/Q170109	Staatsbibliothek - Preußischer Kulturbesitz
http://www.wikidata.org/entity/Q64	Berlin	https://imagoarchive.it/resource/biblioteca-statale-berlinese-patrimonio-culturale-prussiano	Biblioteca statale berlinese - Patrimonio culturale prussiano
http://www.wikidata.org/entity/Q43196	Cincinnati (OH)	http://www.wikidata.org/entity/Q73495388	University Library
http://www.wikidata.org/entity/Q4093	Glasgow	http://www.wikidata.org/entity/Q5566950	University Library
http://www.wikidata.org/entity/Q6986	Gotha	http://www.wikidata.org/entity/Q28738121	Forschungs- und Landesbibliothek
http://www.wikidata.org/entity/Q2634	Napoli	http://www.wikidata.org/entity/Q2256644	Biblioteca Nazionale Vittorio Emanuele III
http://www.wikidata.org/entity/Q2634	Napoli	http://www.wikidata.org/entity/Q856404	Biblioteca Statale Oratoriana dei Girolamini
http://www.wikidata.org/entity/Q2634	Napoli	https://imagoarchive.it/resource/napoli-archivio-ansaldo	Archivio Ansaldo
http://www.wikidata.org/entity/Q12892	Anvers/Antwerpen	http://www.wikidata.org/entity/Q106557286	Museum Plantin-Moretus - Bibliotheek
http://www.wikidata.org/entity/Q13329	Piacenza	http://www.wikidata.org/entity/Q61314719	Biblioteca Comunale Passerini-Landi
http://www.wikidata.org/entity/Q1729	Erfurt	http://www.wikidata.org/entity/Q1631092	Stadt- und Regionalbibliothek
http://www.wikidata.org/entity/Q1729	Erfurt	http://www.wikidata.org/entity/Q28776150	Universitätsbibliothek
http://www.wikidata.org/entity/Q6662	Cesena	http://www.wikidata.org/entity/Q1113843	Biblioteca Malatestiana
http://www.wikidata.org/entity/Q90	Paris	http://www.wikidata.org/entity/Q193563	Bibliothèque nationale de France
http://www.wikidata.org/entity/Q90	Paris	http://www.wikidata.org/entity/Q774570	Bibliothèque Mazarine
http://www.wikidata.org/entity/Q90	Paris	http://www.wikidata.org/entity/Q18571193	Bibliothèque de l'Institut de France
http://www.wikidata.org/entity/Q90	Paris	http://www.wikidata.org/entity/Q2256147	Bibliothèque de l'Arsenal
http://www.wikidata.org/entity/Q90	Paris	http://www.wikidata.org/entity/Q2901379	Bibliothèque de la Sorbonne
http://www.wikidata.org/entity/Q90	Paris	http://www.wikidata.org/entity/Q517249	Bibliothèque Sainte-Geneviève
http://www.wikidata.org/entity/Q1492	Barcelona	http://www.wikidata.org/entity/Q3571546	Arxiu de la Corona d'Aragó
http://www.wikidata.org/entity/Q1492	Barcelona	http://www.wikidata.org/entity/Q1200925	Biblioteca de Catalunya
http://www.wikidata.org/entity/Q1492	Barcelona	http://www.wikidata.org/entity/Q11909322	Biblioteca de la Universitat 
http://www.wikidata.org/entity/Q1492	Barcelona	http://www.wikidata.org/entity/Q17152387	Arxiu Diocesà 
http://www.wikidata.org/entity/Q21713103	Cambridge	http://www.wikidata.org/entity/Q863940	Gonville and Caius College Library
http://www.wikidata.org/entity/Q21713103	Cambridge	http://www.wikidata.org/entity/Q609646	St John's College Library
http://www.wikidata.org/entity/Q21713103	Cambridge	http://www.wikidata.org/entity/Q1028334	University Library
http://www.wikidata.org/entity/Q21713103	Cambridge	https://imagoarchive.it/resource/magdalene-college	Magdalene College Library
http://www.wikidata.org/entity/Q21713103	Cambridge	http://www.wikidata.org/entity/Q17543253	Pembroke College Library 
http://www.wikidata.org/entity/Q21713103	Cambridge	http://www.wikidata.org/entity/Q327116	Sidney Sussex College Library
http://www.wikidata.org/entity/Q21713103	Cambridge	http://www.wikidata.org/entity/Q797892	Emmanuel College Library
http://www.wikidata.org/entity/Q21713103	Cambridge	http://www.wikidata.org/entity/Q650068	Peterhouse College Library
http://www.wikidata.org/entity/Q21713103	Cambridge	http://www.wikidata.org/entity/Q1421440	Fitzwilliam Museum
http://www.wikidata.org/entity/Q1726	München	http://www.wikidata.org/entity/Q256507	Bayerische Staatsbibliothek
http://www.wikidata.org/entity/Q1726	München	http://www.wikidata.org/entity/Q2496326	Universitätsbibliothek
http://www.wikidata.org/entity/Q1726	München	http://www.wikidata.org/entity/Q114667678	Jacques Rosenthal
http://www.wikidata.org/entity/Q1726	München	http://www.wikidata.org/entity/Q812403	Bayerisches Hauptstaatsarchiv
http://www.wikidata.org/entity/Q167152	Soissons	https://imagoarchive.it/resource/soissons-bibliotheque-municipale	Bibliothèque municipale
http://www.wikidata.org/entity/Q4191	Luzern	http://www.wikidata.org/entity/Q189926	Zentral- und Hochschulbibliothek
http://www.wikidata.org/entity/Q13378	Arezzo	http://www.wikidata.org/entity/Q2901337	Biblioteca Città di Arezzo
http://www.wikidata.org/entity/Q2044	Firenze	http://www.wikidata.org/entity/Q856419	Biblioteca Medicea Laurenziana
http://www.wikidata.org/entity/Q2044	Firenze	http://www.wikidata.org/entity/Q741371	Biblioteca Marucelliana
http://www.wikidata.org/entity/Q2044	Firenze	http://www.wikidata.org/entity/Q460907	Biblioteca Nazionale Centrale
http://www.wikidata.org/entity/Q2044	Firenze	http://www.wikidata.org/entity/Q856409	Biblioteca Riccardiana
http://www.wikidata.org/entity/Q2044	Firenze	http://www.wikidata.org/entity/Q86520873	Biblioteca Provinciale dei Frati Minori
http://www.wikidata.org/entity/Q2044	Firenze	http://www.wikidata.org/entity/Q3621652	Archivio di Stato
http://www.wikidata.org/entity/Q12994	Bruges/Brugge	http://www.wikidata.org/entity/Q4299101	Hoofdbibliotheek Biekorf
http://www.wikidata.org/entity/Q12994	Bruges/Brugge	http://www.wikidata.org/entity/Q2525656	Bibliotheek van het Grootseminarie
http://www.wikidata.org/entity/Q12994	Bruges/Brugge	http://www.wikidata.org/entity/Q106557797	Rijksarchief
http://www.wikidata.org/entity/Q134121	Namur	https://www.wikidata.org/wiki/Q123313308	Grand Séminaire
http://www.wikidata.org/entity/Q134121	Namur	http://www.wikidata.org/entity/Q2401304	Musée des Arts Anciens 
http://www.wikidata.org/entity/Q2683	Parma	http://www.wikidata.org/entity/Q2901252	Biblioteca Palatina
http://www.wikidata.org/entity/Q641	Venezia	http://www.wikidata.org/entity/Q578460	Biblioteca Nazionale Marciana
http://www.wikidata.org/entity/Q641	Venezia	http://www.wikidata.org/entity/Q856540	Biblioteca del Museo Correr
http://www.wikidata.org/entity/Q641	Venezia	http://www.wikidata.org/entity/Q105988819	Seminario Patriarcale
http://www.wikidata.org/entity/Q1308	Como	http://www.wikidata.org/entity/Q81168631	Biblioteca comunale Paolo Borsellino
http://www.wikidata.org/entity/Q13373	Lucca	http://www.wikidata.org/entity/Q86537159	Biblioteca Capitolare Feliniana
http://www.wikidata.org/entity/Q13373	Lucca	http://www.wikidata.org/entity/Q18596252	Biblioteca Statale
http://www.wikidata.org/entity/Q18624710	Gratwein-Straßengel	https://imagoarchive.it/resource/rein-stiftsbibliothek	Zisterzienserstift Stiftsbibliothek
http://www.wikidata.org/entity/Q617	Padova	http://www.wikidata.org/entity/Q21328933	Biblioteca Civica
http://www.wikidata.org/entity/Q617	Padova	http://www.wikidata.org/entity/Q18416443	Biblioteca Universitaria 
http://www.wikidata.org/entity/Q617	Padova	http://www.wikidata.org/entity/Q3955046	Seminario Maggiore Vescovile
http://www.wikidata.org/entity/Q617	Padova	http://www.wikidata.org/entity/Q3908252	Biblioteca Antoniana
http://www.wikidata.org/entity/Q617	Padova	http://www.wikidata.org/entity/Q113092858	Biblioteca Capitolare
http://www.wikidata.org/entity/Q617	Padova	http://www.wikidata.org/entity/Q45031528	Archivio di Stato
http://www.wikidata.org/entity/Q371748	San Lorenzo de El Escorial	http://www.wikidata.org/entity/Q3848863	Real Biblioteca del Monasterio de San Lorenzo de El Escorial
http://www.wikidata.org/entity/Q1891	Bologna	http://www.wikidata.org/entity/Q2901539	Biblioteca Universitaria
http://www.wikidata.org/entity/Q1891	Bologna	http://www.wikidata.org/entity/Q113092454	Archivio storico della Provincia di Cristo Re dei Frati Minori dell'Emilia Romagna
http://www.wikidata.org/entity/Q665159	Heiligenkreuz	https://imagoarchive.it/resource/heiligenkreuz-bibliothek-des-zisterzienserstifts	Bibliothek des Zisterzienserstifts
http://www.wikidata.org/entity/Q665159	Heiligenkreuz	https://imagoarchive.it/resource/heiligenkreuz-stiftsbibliothek	Stiftsbibliothek 
http://www.wikidata.org/entity/Q1799	Wrocław	http://www.wikidata.org/entity/Q1720553	Biblioteka Uniwersytecka
http://www.wikidata.org/entity/Q1799	Wrocław	https://imagoarchive.it/resource/wroclaw-biblioteka-uniwersytecka	Biblioteka Uniwersytecka we Wrocławiu 
http://www.wikidata.org/entity/Q1799	Wrocław	https://imagoarchive.it/resource/wroclaw-biblioteka-kapitulna	Biblioteka Kapitulna
http://www.wikidata.org/entity/Q1799	Wrocław	https://imagoarchive.it/resource/wroclaw-biblioteka-zakladu-narodowego-im-ossolinskich-ossolineum	Biblioteka Zakladu Narodowego im. Ossolinskich (Ossolineum)
http://www.wikidata.org/entity/Q2079	Leipzig	http://www.wikidata.org/entity/Q872896	Universitätsbibliothek
http://www.wikidata.org/entity/Q31487	Kraków	http://www.wikidata.org/entity/Q24101	Biblioteka Jagiellońska
http://www.wikidata.org/entity/Q31487	Kraków	https://imagoarchive.it/resource/biblioteka-muzeum-narodowego-w-krakowie	Biblioteka Muzeum Narodowego
http://www.wikidata.org/entity/Q5990	Vercelli	http://www.wikidata.org/entity/Q17636851	Museo Leone
http://www.wikidata.org/entity/Q5990	Vercelli	http://www.wikidata.org/entity/Q16532475	Biblioteca Capitolare
http://www.wikidata.org/entity/Q5990	Vercelli	http://www.wikidata.org/entity/Q113091750	Biblioteca diocesana Agnesiana
http://www.wikidata.org/entity/Q41876	Reims	http://www.wikidata.org/entity/Q257342	Bibliothèque d'Etude et du Patrimoine
http://www.wikidata.org/entity/Q41876	Reims	http://www.wikidata.org/entity/Q114667290	
http://www.wikidata.org/entity/Q41876	Reims	http://www.wikidata.org/entity/Q122763379	Bibliothèque Saint Remi
http://www.wikidata.org/entity/Q9009	Schaffhausen	http://www.wikidata.org/entity/Q2326916	Stadtbibliothek
http://www.wikidata.org/entity/Q1741	Wien	http://www.wikidata.org/entity/Q304037	Österreichische Nationalbibliothek
http://www.wikidata.org/entity/Q1741	Wien	https://imagoarchive.it/resource/wien-schottenkloster-stiftsbibliothek	Schottenkloster, Stiftsbibliothek
http://www.wikidata.org/entity/Q1741	Wien	http://www.wikidata.org/entity/Q1238007	Dominikanerkonvent
http://www.wikidata.org/entity/Q3992	Liège	http://www.wikidata.org/entity/Q26196729	Bibliothèque de l'Université
http://www.wikidata.org/entity/Q3992	Liège	http://www.wikidata.org/entity/Q1334582	Universität Lüttich 
http://www.wikidata.org/entity/Q3992	Liège	http://www.wikidata.org/entity/Q120721497	Grand Séminaire
http://www.wikidata.org/entity/Q138518	Princeton (NJ)	http://www.wikidata.org/entity/Q3297681	University Library
http://www.wikidata.org/entity/Q3150	Jena	http://www.wikidata.org/entity/Q1255096	Thüringer Universitäts- und Landesbibliothek
http://www.wikidata.org/entity/Q3150	Jena	https://imagoarchive.it/resource/jena-biblioteca-delluniversita	Biblioteca dell'Università
http://www.wikidata.org/entity/Q6088	Alessandria	http://www.wikidata.org/entity/Q81166200	Biblioteca Civica
http://www.wikidata.org/entity/Q47383	Charleville-Mézières	http://www.wikidata.org/entity/Q19946540	Médiathèque Voyelles 
http://www.wikidata.org/entity/Q47383	Charleville-Mézières	http://www.wikidata.org/entity/Q106807441	Médiathèque Voyelles
http://www.wikidata.org/entity/Q871536	Lilienfeld	https://imagoarchive.it/resource/lilienfeld-stiftsbibliothek	Stiftsbibliothek
http://www.wikidata.org/entity/Q70	Bern	http://www.wikidata.org/entity/Q669509	Burgerbibliothek
http://www.wikidata.org/entity/Q1296	Gent	http://www.wikidata.org/entity/Q611001	Universiteitsbibliotheek
http://www.wikidata.org/entity/Q72	Zürich	http://www.wikidata.org/entity/Q190260	Zentralbibliothek
http://www.wikidata.org/entity/Q244498	Zwettl	https://imagoarchive.it/resource/zwettl-bibliothek-des-zisterzienserstifts	Bibliothek des Zisterzienserstifts
http://www.wikidata.org/entity/Q239	Bruxelles	http://www.wikidata.org/entity/Q383931	KBR (Bibliothèque Royale de Belgique)
http://www.wikidata.org/entity/Q1718	Düsseldorf	http://www.wikidata.org/entity/Q2496254	Universitäts- und Landesbibliothek
http://www.wikidata.org/entity/Q1718	Düsseldorf	http://www.wikidata.org/entity/Q317032	Heinrich-Heine-Universität Düsseldorf 
http://www.wikidata.org/entity/Q1748	København	http://www.wikidata.org/entity/Q12308381	Kongelige Bibliotek
http://www.wikidata.org/entity/Q154372	Montecassino	http://www.wikidata.org/entity/Q334051	Archivio dell'Abbazia (Biblioteca Statale del Monumento Nazionale)
http://www.wikidata.org/entity/Q648	Lille	http://www.wikidata.org/entity/Q50642141	Médiathèque Municipale Jean Lévy
http://www.wikidata.org/entity/Q22690	Metz	http://www.wikidata.org/entity/Q2901549	Médiathèque Verlaine
http://www.wikidata.org/entity/Q2999	Würzburg	http://www.wikidata.org/entity/Q1247229	Universitätsbibliothek
http://www.wikidata.org/entity/Q84	London	http://www.wikidata.org/entity/Q23308	British Library
http://www.wikidata.org/entity/Q84	London	http://www.wikidata.org/entity/Q1109101	College of Arms
http://www.wikidata.org/entity/Q84	London	http://www.wikidata.org/entity/Q30264838	Lambeth Palace Library
http://www.wikidata.org/entity/Q84	London	http://www.wikidata.org/entity/Q102522218	City of London College Library
http://www.wikidata.org/entity/Q84	London	http://www.wikidata.org/entity/Q7981192	Wellcome Library
http://www.wikidata.org/entity/Q84	London	http://www.wikidata.org/entity/Q1524579	Institution of Electrical Engineers
http://www.wikidata.org/entity/Q84	London	https://imagoarchive.it/resource/st-pauls-cathedral-library	St. Paul's Cathedral Library
http://www.wikidata.org/entity/Q84	London	http://www.wikidata.org/entity/Q69482	Lincoln's Inn
http://www.wikidata.org/entity/Q6231	Cremona	http://www.wikidata.org/entity/Q22583642	Biblioteca Statale
http://www.wikidata.org/entity/Q279	Modena	http://www.wikidata.org/entity/Q1219443	Biblioteca Estense Universitaria
http://www.wikidata.org/entity/Q279	Modena	http://www.wikidata.org/entity/Q113092745	Biblioteca e Archivio Capitolare
http://www.wikidata.org/entity/Q51408	Kórnik	http://www.wikidata.org/entity/Q6453758	Biblioteka Kórnicka Polskiej Akademii Nauk
http://www.wikidata.org/entity/Q3033	Göttingen	http://www.wikidata.org/entity/Q564783	Niedersächsische Staats- und Universitätsbibliothek
http://www.wikidata.org/entity/Q3033	Göttingen	http://www.wikidata.org/entity/Q101248021	Georg-August-Universität Göttingen Seminar für Deutsche Philologie
http://www.wikidata.org/entity/Q489806	Melk	http://www.wikidata.org/entity/Q1589808	Stiftsbibliothek
http://www.wikidata.org/entity/Q489806	Melk	http://www.wikidata.org/entity/Q660082	Benediktinerstift Melk
http://www.wikidata.org/entity/Q167141	Laon	http://www.wikidata.org/entity/Q22966414	Bibliothèque municipale
http://www.wikidata.org/entity/Q15695	Salamanca	http://www.wikidata.org/entity/Q24034665	Biblioteca General Histórica de la Universidad
http://www.wikidata.org/entity/Q2807	Madrid	http://www.wikidata.org/entity/Q750403	Biblioteca Nacional de España
http://www.wikidata.org/entity/Q2807	Madrid	http://www.wikidata.org/entity/Q283349	Real Biblioteca (Biblioteca de Palacio)
http://www.wikidata.org/entity/Q1721	Wiesbaden	http://www.wikidata.org/entity/Q119810789	Hessische Landesbibliothek 
http://www.wikidata.org/entity/Q14314	Santiago de Compostela	http://www.wikidata.org/entity/Q8203640	Archivo-Biblioteca de la Catedral 
http://www.wikidata.org/entity/Q7072	Halberstadt	http://www.wikidata.org/entity/Q123476025	Domgymnasium
http://www.wikidata.org/entity/Q288	Tours	http://www.wikidata.org/entity/Q2901455	Bibliothèque municipale
http://www.wikidata.org/entity/Q42466	Veroli	http://www.wikidata.org/entity/Q54590147	Biblioteca Giovardiana
http://www.wikidata.org/entity/Q202560	Carpentras	http://www.wikidata.org/entity/Q2740873	Bibliothèque Inguimbertine
http://www.wikidata.org/entity/Q180057	Lincoln	http://www.wikidata.org/entity/Q6550514	Lincoln Cathedral Library
http://www.wikidata.org/entity/Q180057	Lincoln	http://www.wikidata.org/entity/Q1293952	Kirkstead Abbey
http://www.wikidata.org/entity/Q597	Lisboa	http://www.wikidata.org/entity/Q22233101	Biblioteca da Ajuda
http://www.wikidata.org/entity/Q597	Lisboa	http://www.wikidata.org/entity/Q245966	Biblioteca Nacional de Portugal
http://www.wikidata.org/entity/Q100	Boston (MA)	http://www.wikidata.org/entity/Q4947982	Boston Medical Library
http://www.wikidata.org/entity/Q162022	Mechelen	http://www.wikidata.org/entity/Q49425918	Hauptseminar
http://www.wikidata.org/entity/Q1794	Frankfurt am Main	http://www.wikidata.org/entity/Q875587	Universitätsbibliothek Johann Christian Senckenberg
http://www.wikidata.org/entity/Q850869	San Marino (CA)	http://www.wikidata.org/entity/Q1400558	The Huntington Library
http://www.wikidata.org/entity/Q1754	Stockholm	http://www.wikidata.org/entity/Q1724971	Riksarkivet
http://www.wikidata.org/entity/Q456	Lyon	http://www.wikidata.org/entity/Q8622	Bibliothèque municipale
http://www.wikidata.org/entity/Q60	New York City	http://www.wikidata.org/entity/Q5002628	Butler Library
http://www.wikidata.org/entity/Q60	New York City	https://imagoarchive.it/resource/new-york-collezioni-private	Collezioni private
http://www.wikidata.org/entity/Q60	New York City	http://www.wikidata.org/entity/Q1478423	The Morgan Library & Museum
http://www.wikidata.org/entity/Q60	New York City	http://www.wikidata.org/entity/Q2822445	Academy of Medicine
http://www.wikidata.org/entity/Q60	New York City	http://www.wikidata.org/entity/Q219555	Public Library
http://www.wikidata.org/entity/Q34217	Oxford	http://www.wikidata.org/entity/Q82133	Bodleian Library
http://www.wikidata.org/entity/Q34217	Oxford	http://www.wikidata.org/entity/Q6820719	Merton College Library
http://www.wikidata.org/entity/Q34217	Oxford	http://www.wikidata.org/entity/Q780745	Worcester College Library
http://www.wikidata.org/entity/Q34217	Oxford	http://www.wikidata.org/entity/Q81153	Lincoln College Library
http://www.wikidata.org/entity/Q34217	Oxford	http://www.wikidata.org/entity/Q81174	Jesus College Library
http://www.wikidata.org/entity/Q34217	Oxford	http://www.wikidata.org/entity/Q1135137	Corpus Christi College Library
http://www.wikidata.org/entity/Q34217	Oxford	http://www.wikidata.org/entity/Q536282	Corpus Christi College
http://www.wikidata.org/entity/Q34217	Oxford	http://www.wikidata.org/entity/Q81087	University College Libraries
http://www.wikidata.org/entity/Q34217	Oxford	http://www.wikidata.org/entity/Q5108809	Christ Church Library
http://www.wikidata.org/entity/Q34217	Oxford	http://www.wikidata.org/entity/Q56183154	Queen's College Library
http://www.wikidata.org/entity/Q34217	Oxford	http://www.wikidata.org/entity/Q805285	Balliol College Library
http://www.wikidata.org/entity/Q34217	Oxford	http://www.wikidata.org/entity/Q81170	Oriel College Library
http://www.wikidata.org/entity/Q34217	Oxford	https://imagoarchive.it/resource/magdalene-college	Magdalen College Library
http://www.wikidata.org/entity/Q34217	Oxford	http://www.wikidata.org/entity/Q81173	Exeter College Library
http://www.wikidata.org/entity/Q34217	Oxford	http://www.wikidata.org/entity/Q81165650	Balliol College Archives, University of Oxford
http://www.wikidata.org/entity/Q34217	Oxford	http://www.wikidata.org/entity/Q5140364	All Souls College Library
http://www.wikidata.org/entity/Q34217	Oxford	http://www.wikidata.org/entity/Q1376987	New College Library
http://www.wikidata.org/entity/Q1449	Genova	http://www.wikidata.org/entity/Q113639736	Biblioteca Durazzo
http://www.wikidata.org/entity/Q1449	Genova	http://www.wikidata.org/entity/Q3639620	Biblioteca Universitaria
http://www.wikidata.org/entity/Q1449	Genova	http://www.wikidata.org/entity/Q16167939	Archivio di Stato
http://www.wikidata.org/entity/Q1449	Genova	http://www.wikidata.org/entity/Q3639568	Biblioteca Civica Berio
http://www.wikidata.org/entity/Q8818	València	http://www.wikidata.org/entity/Q85817814	Arxiu-Biblioteca de la Catedral
http://www.wikidata.org/entity/Q8818	València	http://www.wikidata.org/entity/Q66862818	Biblioteca de la Universitat. Biblioteca Històrica
http://www.wikidata.org/entity/Q776	Utrecht	http://www.wikidata.org/entity/Q221653	Bibliotheek der Rijksuniversiteit
http://www.wikidata.org/entity/Q82500	St. Pölten	http://www.wikidata.org/entity/Q81164495	Diözesanarchiv
http://www.wikidata.org/entity/Q252772	Eichstätt	http://www.wikidata.org/entity/Q22694379	Universitätsbibliothek
http://www.wikidata.org/entity/Q252772	Eichstätt	https://imagoarchive.it/resource/diozesanarchiv-ordinariatsbibliothek-di-eichstatt	Diözesanarchiv
http://www.wikidata.org/entity/Q1733	Magdeburg	https://imagoarchive.it/resource/magdeburgo-bibliothek-des-domgymnasium	Bibliothek des Domgymnasium
http://www.wikidata.org/entity/Q68950	Einsiedeln	http://www.wikidata.org/entity/Q27480189	Stiftsbibliothek
http://www.wikidata.org/entity/Q13369	Rimini	http://www.wikidata.org/entity/Q3639590	Biblioteca Civica Gambalunga
http://www.wikidata.org/entity/Q13386	Lecce	http://www.wikidata.org/entity/Q113610813	Biblioteca provinciale Nicola Bernardini
http://www.wikidata.org/entity/Q13386	Lecce	http://www.wikidata.org/entity/Q113092685	Biblioteca Roberto Caracciolo
http://www.wikidata.org/entity/Q132404	Bourges	http://www.wikidata.org/entity/Q111207547	Bibliothèque Municipale 
http://www.wikidata.org/entity/Q1479	Bordeaux	http://www.wikidata.org/entity/Q501869	Bibliothèque Municipale 
http://www.wikidata.org/entity/Q34713	Salzburg	http://www.wikidata.org/entity/Q675735	Benediktiner-Erzabtaei Sankt Peter Stiftsbibliothek
http://www.wikidata.org/entity/Q34713	Salzburg	http://www.wikidata.org/entity/Q27265	Universitätsbibliothek
http://www.wikidata.org/entity/Q34713	Salzburg	http://www.wikidata.org/entity/Q28536658	Landesarchiv
http://www.wikidata.org/entity/Q34713	Salzburg	http://www.wikidata.org/entity/Q635529	Archiv der Erdiözese
http://www.wikidata.org/entity/Q7140	Schlierbach	https://imagoarchive.it/resource/schlierbach-stiftsbibliothek	Stiftsbibliothek
http://www.wikidata.org/entity/Q492503	Fritzlar	https://imagoarchive.it/resource/fritzlar-dombibliothek	Dombibliothek
http://www.wikidata.org/entity/Q47554	Toruń	http://www.wikidata.org/entity/Q7029922	Biblioteka Uniwersytecka
http://www.wikidata.org/entity/Q541	Orvieto	http://www.wikidata.org/entity/Q45116006	Archivio di Stato di Terni. Sezione di Orvieto
http://www.wikidata.org/entity/Q750265	Maynooth	http://www.wikidata.org/entity/Q65080797	 St. Patrick College of Kildare. Russell Library
http://www.wikidata.org/entity/Q155622	Bernkastel-Kues	http://www.wikidata.org/entity/Q856546	Bibliothek des St. Nikolaus-Hospitals
http://www.wikidata.org/entity/Q1773	Rīga	http://www.wikidata.org/entity/Q498407	Latvijas Universitāte
http://www.wikidata.org/entity/Q3138	Trier	http://www.wikidata.org/entity/Q28735003	Bistumsarchiv
http://www.wikidata.org/entity/Q3138	Trier	http://www.wikidata.org/entity/Q1590176	Stadtbibliothek
http://www.wikidata.org/entity/Q3138	Trier	http://www.wikidata.org/entity/Q28733449	Bibliothek des Priesterseminars
http://www.wikidata.org/entity/Q124005	Falconara Marittima	http://www.wikidata.org/entity/Q112076088	Biblioteca storico-francescana e picena San Giacomo della Marca
http://www.wikidata.org/entity/Q1757	Helsinki	http://www.wikidata.org/entity/Q28695	Kansalliskirjasto
http://www.wikidata.org/entity/Q83065	Leicester	http://www.wikidata.org/entity/Q1980614	Abbey Library
http://www.wikidata.org/entity/Q2749	Augsburg	http://www.wikidata.org/entity/Q2496283	Universitätsbibliothek
http://www.wikidata.org/entity/Q2749	Augsburg	http://www.wikidata.org/entity/Q2324633	Staats- und Stadtbibliothek
http://www.wikidata.org/entity/Q1289	Grenoble	http://www.wikidata.org/entity/Q2901456	Bibliothèque Municipale
http://www.wikidata.org/entity/Q1715	Hannover	http://www.wikidata.org/entity/Q1539517	Gottfried Wilhelm Leibniz Bibliothek
http://www.wikidata.org/entity/Q1715	Hannover	http://www.wikidata.org/entity/Q1589618	Niedersächsische Landesarchiv 
http://www.wikidata.org/entity/Q173219	Tournai	http://www.wikidata.org/entity/Q120869227	Bibliothèque de la Ville
http://www.wikidata.org/entity/Q47190461	Gerleve	http://www.wikidata.org/entity/Q28738574	 Klosterbibliothek
http://www.wikidata.org/entity/Q3806	Tübingen	http://www.wikidata.org/entity/Q1783538	Wilhelmsstift
http://www.wikidata.org/entity/Q3806	Tübingen	http://www.wikidata.org/entity/Q2496347	Universitätsbibliothek
http://www.wikidata.org/entity/Q5489	Troyes	http://www.wikidata.org/entity/Q17347133	Médiathèque Jacques-Chirac
http://www.wikidata.org/entity/Q15986	Naumburg (Saale)	https://imagoarchive.it/resource/naumburg-domstiftsbibliothek	Domstiftsbibliothek
http://www.wikidata.org/entity/Q25286	Uppsala	http://www.wikidata.org/entity/Q2901382	Universitetsbibliotek
http://www.wikidata.org/entity/Q5475	Treviso	http://www.wikidata.org/entity/Q914097	Biblioteca Capitolare
http://www.wikidata.org/entity/Q68826067	Edinburgh	http://www.wikidata.org/entity/Q1670994	National Library of Scotland
http://www.wikidata.org/entity/Q68826067	Edinburgh	http://www.wikidata.org/entity/Q5338276	 University Library
http://www.wikidata.org/entity/Q585	Oslo	http://www.wikidata.org/entity/Q4793570	Riksarkivet
http://www.wikidata.org/entity/Q6046	Novara	http://www.wikidata.org/entity/Q113092812	Biblioteca Capitolare di Santa Maria 
http://www.wikidata.org/entity/Q6046	Novara	http://www.wikidata.org/entity/Q81173984	Archivio Storico Diocesano
http://www.wikidata.org/entity/Q20458	Gubbio	http://www.wikidata.org/entity/Q117184497	Archivio di Stato
http://www.wikidata.org/entity/Q13367	Forlì	http://www.wikidata.org/entity/Q16268189	Biblioteca Comunale Aurelio Saffi
http://www.wikidata.org/entity/Q3955	Weimar	http://www.wikidata.org/entity/Q28734979	Thüringisches Hauptstaatsarchiv
http://www.wikidata.org/entity/Q3955	Weimar	http://www.wikidata.org/entity/Q50711	Herzogin Anna Amalia Bibliothek
http://www.wikidata.org/entity/Q2971	Paderborn	https://imagoarchive.it/resource/paderborn-archiv-des-paderborner-studienfonds	Erzbischöfliche Akademische Bibliothek 
http://www.wikidata.org/entity/Q61	Washington, D.C.	http://www.wikidata.org/entity/Q106477161	The Library of Congress, Manuscript Division
http://www.wikidata.org/entity/Q61	Washington, D.C.	http://www.wikidata.org/entity/Q1609326	Smithsonian Libraries and Archives
http://www.wikidata.org/entity/Q61	Washington, D.C.	http://www.wikidata.org/entity/Q4794182	Army Medical Museum and Library
http://www.wikidata.org/entity/Q22737	Sélestat	https://imagoarchive.it/resource/selestat-bibliotheque-municipale	Bibliothèque Municipale
http://www.wikidata.org/entity/Q580868	Kremsmünster	http://www.wikidata.org/entity/Q2348727	Stiftsbibliothek
http://www.wikidata.org/entity/Q25607	Sankt Gallen	http://www.wikidata.org/entity/Q689896	Stiftsbibliothek
http://www.wikidata.org/entity/Q25607	Sankt Gallen	http://www.wikidata.org/entity/Q915353	Kantonsbibliothek St. Gallen, Vadianische Sammlung
http://www.wikidata.org/entity/Q3126	Erlangen	http://www.wikidata.org/entity/Q15979678	Universitätsbibliothek Erlangen-Nürnberg
http://www.wikidata.org/entity/Q484678	Berkeley (CA)	http://www.wikidata.org/entity/Q168756	General Library of University
http://www.wikidata.org/entity/Q49179	Worcester	https://imagoarchive.it/resource/worcester-cathedral-and-chapter-library	Cathedral and Chapter Library
http://www.wikidata.org/entity/Q126675	Chantilly	https://imagoarchive.it/resource/chantilly-bibliotheque-et-archives-du-chateau	Bibliothèque et Archives du Château
http://www.wikidata.org/entity/Q9899	Amsterdam	http://www.wikidata.org/entity/Q2017571	 Bibliotheek der Universiteit
http://www.wikidata.org/entity/Q217346	Ithaca (NY)	http://www.wikidata.org/entity/Q5171572	Cornell University Library
http://www.wikidata.org/entity/Q3778	Zwickau	http://www.wikidata.org/entity/Q2132885	 Ratsschulbibliothek (Stadtarchiv)
http://www.wikidata.org/entity/Q13298	Graz	http://www.wikidata.org/entity/Q2496350	Technische Universität
http://www.wikidata.org/entity/Q13298	Graz	http://www.wikidata.org/entity/Q604066	Universitätsbibliothek
http://www.wikidata.org/entity/Q3185	Hildesheim	http://www.wikidata.org/entity/Q1236928	Dombibliothek
http://www.wikidata.org/entity/Q3185	Hildesheim	https://imagoarchive.it/resource/hildesheim-bibliothek-des-priesterseminars	Bibliothek des Priesterseminars
http://www.wikidata.org/entity/Q437	Ljubljana	http://www.wikidata.org/entity/Q631375	Nacionalna i sveučilišna knjižnica u Zagrebu
http://www.wikidata.org/entity/Q437	Ljubljana	http://www.wikidata.org/entity/Q1520466	Narodna in Univerzitetna Knjiznica
http://www.wikidata.org/entity/Q2865	Kassel	http://www.wikidata.org/entity/Q19964115	Landeskirchliches Archiv
http://www.wikidata.org/entity/Q13375	Pisa	http://www.wikidata.org/entity/Q25045256	Biblioteca Cathariniana
http://www.wikidata.org/entity/Q506398	Claremont (CA)	http://www.wikidata.org/entity/Q12236173	Harvey Mudd College Library
http://www.wikidata.org/entity/Q2966	Heidelberg	http://www.wikidata.org/entity/Q880794	Universitätsbibliothek
http://www.wikidata.org/entity/Q1345	Philadelphia (PA)	http://www.wikidata.org/entity/Q3087288	Free Library of Philadelphia
http://www.wikidata.org/entity/Q1345	Philadelphia (PA)	http://www.wikidata.org/entity/Q18572874	University of Pennsylvania Library
http://www.wikidata.org/entity/Q6602	Strasbourg	http://www.wikidata.org/entity/Q3332595	Médiathèque André Malraux
http://www.wikidata.org/entity/Q6602	Strasbourg	http://www.wikidata.org/entity/Q630461	Bibliothèque Nationale et Universitaire
http://www.wikidata.org/entity/Q2916	Osnabrück	http://www.wikidata.org/entity/Q28735007	Diözesanarchiv
http://www.wikidata.org/entity/Q13376	Pistoia	http://www.wikidata.org/entity/Q81176355	Archivio Diocesano
http://www.wikidata.org/entity/Q13376	Pistoia	http://www.wikidata.org/entity/Q44795454	Archivio di Stato
http://www.wikidata.org/entity/Q3461897	Saint Bonaventure (NY)	http://www.wikidata.org/entity/Q93662	 Saint Bonaventure University
http://www.wikidata.org/entity/Q1722	Dubrovnik	https://imagoarchive.it/resource/biblioteka-samostana-male-brace	Biblioteka Samostana Male Brace 
http://www.wikidata.org/entity/Q1722	Dubrovnik	https://imagoarchive.it/resource/dominikanski-samostan	Dominikanski Samostan 
http://www.wikidata.org/entity/Q627521	Pommersfelden	https://imagoarchive.it/resource/pommersfelden-graflich-schonbornsche-bibliothek	Gräflich Schönbornsche Bibliothek
http://www.wikidata.org/entity/Q1829	Kaliningrad 	https://imagoarchive.it/resource/kaliningradskaja-oblastnaja-biblioteka	Kaliningradskaja Oblastnaja Biblioteka (Staats- und Universitätsbibliothek)
http://www.wikidata.org/entity/Q1829	Kaliningrad 	http://www.wikidata.org/entity/Q2324646	Staats- und Universitätsbibliothek Königsberg
http://www.wikidata.org/entity/Q1735	Innsbruck	http://www.wikidata.org/entity/Q1347881	Universitäts- und Landesbibliothek Tirol
http://www.wikidata.org/entity/Q41604	Amiens	http://www.wikidata.org/entity/Q22966499	Bibliothèque Centrale Louis Aragon
http://www.wikidata.org/entity/Q36378	Fribourg/Freiburg im Üechtland	http://www.wikidata.org/entity/Q1728085	Bibliothèque Cantonale et Universitaire
http://www.wikidata.org/entity/Q30974	Rouen	http://www.wikidata.org/entity/Q18573998	Bibliothèque Jacques Villon
http://www.wikidata.org/entity/Q30974	Rouen	http://www.wikidata.org/entity/Q2901555	Bibliothèques de Rouen
http://www.wikidata.org/entity/Q2090	Nürnberg	http://www.wikidata.org/entity/Q2326885	 Stadtbibliothek
http://www.wikidata.org/entity/Q2090	Nürnberg	http://www.wikidata.org/entity/Q2324736	Staatsarchiv
http://www.wikidata.org/entity/Q2090	Nürnberg	http://www.wikidata.org/entity/Q478695	Germanisches Nationalmuseum
http://www.wikidata.org/entity/Q656	Sankt-Peterburg	https://imagoarchive.it/resource/biblioteka-akademii-nauk	Biblioteka Rossiiskoj Akademii Nauk
http://www.wikidata.org/entity/Q132278	Bad Windsheim	http://www.wikidata.org/entity/Q77475046	Stadtbibliothek (Ratsbibliothek)
http://www.wikidata.org/entity/Q746071	Notre Dame (IN)	http://www.wikidata.org/entity/Q4499851	University of Notre Dame, Hesburgh Library
http://www.wikidata.org/entity/Q1842	Luxembourg	http://www.wikidata.org/entity/Q856651	Bibliothèque Nationale
http://www.wikidata.org/entity/Q6558	Belluno	https://imagoarchive.it/resource/belluno-biblioteca-lolliana-gregoriana	Biblioteca Lolliana Gregoriana
http://www.wikidata.org/entity/Q13496	Brindisi	http://www.wikidata.org/entity/Q3639625	Biblioteca Pubblica Arcivescovile Annibale De Leo
http://www.wikidata.org/entity/Q969032	Yorkshire	http://www.wikidata.org/entity/Q1247496	Rievaulx Abbey
http://www.wikidata.org/entity/Q38380	Angers	http://www.wikidata.org/entity/Q2901445	Médiathèque Toussaint
http://www.wikidata.org/entity/Q667304	Schlierbach	https://imagoarchive.it/resource/heiligenkreuz-bibliothek-des-zisterzienserstifts	Zisterzienserstift
http://www.wikidata.org/entity/Q81137	Olomouc	https://imagoarchive.it/resource/olomouc-statni-archiv-kapitulni-knihovna	Státní Archív, Kapitulní Knihovna
http://www.wikidata.org/entity/Q14960	Brno	http://www.wikidata.org/entity/Q48422288	Archiv města Brna
http://www.wikidata.org/entity/Q6616	Poitiers	http://www.wikidata.org/entity/Q18763377	Médiathèque François-Mitterrand
http://www.wikidata.org/entity/Q20579	Todi 	http://www.wikidata.org/entity/Q112875483	Biblioteca Comunale Lorenzo Leoni
http://www.wikidata.org/entity/Q6397	Avignon	http://www.wikidata.org/entity/Q1142988	Bibliothèque Municipale Ceccano
http://www.wikidata.org/entity/Q6221	Brescia	http://www.wikidata.org/entity/Q3639610	Biblioteca Civica Queriniana
http://www.wikidata.org/entity/Q270	Warszawa	http://www.wikidata.org/entity/Q856423	Biblioteka Narodowa
http://www.wikidata.org/entity/Q270	Warszawa	http://www.wikidata.org/entity/Q1576755	Biblioteka Uniwersytecka
http://www.wikidata.org/entity/Q270	Warsaw	http://www.wikidata.org/entity/Q167935	Biblioteca Zaluskich
http://www.wikidata.org/entity/Q493840	Lawrence (KS)	http://www.wikidata.org/entity/Q48977616	University of Kansas, Kenneth Spencer Research Library
http://www.wikidata.org/entity/Q15699	León	http://www.wikidata.org/entity/Q85688853	Archivo-Biblioteca de la Santa Iglesia Catedral
http://www.wikidata.org/entity/Q19272	Cava de' Tirreni 	http://www.wikidata.org/entity/Q128377	Archivio e Biblioteca della Badia
http://www.wikidata.org/entity/Q173695	Épinal	http://www.wikidata.org/entity/Q20971801	Bibliothèque Multimédia Intercommunale Epinal-Goldbey 
http://www.wikidata.org/entity/Q2973	Darmstadt	http://www.wikidata.org/entity/Q1806348	Universitäts- und Landesbibliothek 
http://www.wikidata.org/entity/Q2973	Darmstadt	http://www.wikidata.org/entity/Q1616000	Hessisches Staatsarchiv 
http://www.wikidata.org/entity/Q1055	Hamburg	http://www.wikidata.org/entity/Q2324644	Staats- und Universitätsbibliothek
http://www.wikidata.org/entity/Q495	Torino	http://www.wikidata.org/entity/Q2201144	Biblioteca Nazionale Universitaria
http://www.wikidata.org/entity/Q495	Torino	http://www.wikidata.org/entity/Q113515722	Biblioteca dell'Accademia delle Scienze 
http://www.wikidata.org/entity/Q42168	Clermont-Ferrand	http://www.wikidata.org/entity/Q93879995	Bibliothèque du Patrimoine
http://www.wikidata.org/entity/Q2742	Münster	http://www.wikidata.org/entity/Q2496255	Universitäts- und Landesbibliothek
http://www.wikidata.org/entity/Q13145	Fabriano 	http://www.wikidata.org/entity/Q28003706	Biblioteca Pubblica Romualdo Sassi
http://www.wikidata.org/entity/Q1792	Gdańsk	https://imagoarchive.it/resource/gdansk-marienbibliothek	Bazylika Mariacka
http://www.wikidata.org/entity/Q1720	Mainz	http://www.wikidata.org/entity/Q872144	Wissenschaftliche Stadtbibliothek
http://www.wikidata.org/entity/Q1720	Mainz	http://www.wikidata.org/entity/Q1905751	Martinus-Bibliothek
http://www.wikidata.org/entity/Q490385	Bloomington (IN)	http://www.wikidata.org/entity/Q6548368	Indiana University, Lilly Rare Books Library
http://www.wikidata.org/entity/Q68144	Zug	http://www.wikidata.org/entity/Q27490188	Pfarrbibliothek Sankt Michael
http://www.wikidata.org/entity/Q36600	's Gravenhage	http://www.wikidata.org/entity/Q867885	Det Kgl. Bibliotek
http://www.wikidata.org/entity/Q36600	's Gravenhage	http://www.wikidata.org/entity/Q1526131	Koninklijke Bibliotheek
http://www.wikidata.org/entity/Q36600	's Gravenhage	http://www.wikidata.org/entity/Q2754878	Huis van het boek
http://www.wikidata.org/entity/Q36600	's Gravenhage	https://imagoarchive.it/resource/den-haag-sammlung-schinkel	Sammlung Schinkel
http://www.wikidata.org/entity/Q40898	Nancy	http://www.wikidata.org/entity/Q630448	Bibliothèque Municipale
http://www.wikidata.org/entity/Q20454	Saluzzo	https://imagoarchive.it/resource/saluzzo-biblioteca-civica	Biblioteca Civica
http://www.wikidata.org/entity/Q1435	Zagreb	http://www.wikidata.org/entity/Q92100044	Knjižnica Hrvatske akademije znanosti i umjetnosti
http://www.wikidata.org/entity/Q170263	Chester	http://www.wikidata.org/entity/Q5093493	Cathedral Library
http://www.wikidata.org/entity/Q160642	Salisbury	https://imagoarchive.it/resource/salisbury-cathedral-library	Cathedral Library
http://www.wikidata.org/entity/Q67103	Romont	https://imagoarchive.it/resource/romont-bibliothek-des-kapuzinerklosters	Bibliothek des Kapuzinerklosters
http://www.wikidata.org/entity/Q63986	Zofingen	http://www.wikidata.org/entity/Q19362414	Stadtbibliothek
http://www.wikidata.org/entity/Q1027142	Pelplin	https://imagoarchive.it/resource/pelplin-biblioteka-seminarium-duchownego	Biblioteka Seminarium Duchownego
http://www.wikidata.org/entity/Q513446	Isny im Allgäu	http://www.wikidata.org/entity/Q42000795	Bibliothek der Evangelischen Nikolaikirche
http://www.wikidata.org/entity/Q669945	Vorau	https://imagoarchive.it/resource/vorau-biblioteca-dellabbazia	 Stiftsbibliothek
http://www.wikidata.org/entity/Q604539	Montserrat	https://imagoarchive.it/resource/montserrat-biblioteca-del-monestir	Arxiu i Biblioteca del Monestir 
http://www.wikidata.org/entity/Q130994	Colmar	http://www.wikidata.org/entity/Q23907657	Bibliothèque des Dominicains 
http://www.wikidata.org/entity/Q6548	Orléans	http://www.wikidata.org/entity/Q1266155	Médiathèque
http://www.wikidata.org/entity/Q1707	Kiel	http://www.wikidata.org/entity/Q2496307	Universitätsbibliothek
http://www.wikidata.org/entity/Q315138	Opladen	https://imagoarchive.it/resource/opladen-archiv-furstenberg-stammheim	Freiherr von Fürstenberg'sche Verwaltung
http://www.wikidata.org/entity/Q13103610	Klierf	http://www.wikidata.org/entity/Q609225	Bibliothèque de l'Abbaye Saint-Maurice
http://www.wikidata.org/entity/Q1083	Salerno	http://www.wikidata.org/entity/Q2860425	Archivio di Stato
http://www.wikidata.org/entity/Q3376	Trento	http://www.wikidata.org/entity/Q21075930	Biblioteca Comunale
http://www.wikidata.org/entity/Q6441	Montpellier	http://www.wikidata.org/entity/Q3298462	Bibliothèque Interuniversitaire, Section de Médecine
http://www.wikidata.org/entity/Q6441	Montpellier	http://www.wikidata.org/entity/Q104185308	Bibliothèque interuniversitaire de Montpellier
http://www.wikidata.org/entity/Q9409	Ivrea 	http://www.wikidata.org/entity/Q109124520	Biblioteca Capitolare
http://www.wikidata.org/entity/Q7038	Girona	https://imagoarchive.it/resource/arxiu-capitular-de-gerona	Arxiu Capitular
http://www.wikidata.org/entity/Q1297	Chicago (IL)	http://www.wikidata.org/entity/Q131252	University Library
http://www.wikidata.org/entity/Q1297	Chicago (IL)	http://www.wikidata.org/entity/Q616527	The Newberry Library
http://www.wikidata.org/entity/Q52180	Presicce-Acquarica	https://imagoarchive.it/resource/biblioteca-privata-arditi-di-castelvetere	Biblioteca privata Giacomo Ariditi di Castelvetere
http://www.wikidata.org/entity/Q130272	Chartres	http://www.wikidata.org/entity/Q3146242	Médiathèque L'Apostrophe
http://www.wikidata.org/entity/Q3942	Aschaffenburg	http://www.wikidata.org/entity/Q1622950	Hofbibliothek 
http://www.wikidata.org/entity/Q165090	Chambéry	http://www.wikidata.org/entity/Q16532538	Médiathèque Jean-Jacques Rousseau 
http://www.wikidata.org/entity/Q6247	Mantova	http://www.wikidata.org/entity/Q16532469	Biblioteca Comunale Teresiana
http://www.wikidata.org/entity/Q5092	Baltimore (MD)	http://www.wikidata.org/entity/Q210081	Walters Art Museum
http://www.wikidata.org/entity/Q132801	Albi	http://www.wikidata.org/entity/Q2901551	Médiathèque Pierre Amalric 
http://www.wikidata.org/entity/Q13139	Fermo	http://www.wikidata.org/entity/Q3639616	Biblioteca Civica Romolo Spezioli 
http://www.wikidata.org/entity/Q53354	San Daniele del Friuli 	http://www.wikidata.org/entity/Q21236953	Biblioteca Civica Guarneriana
http://www.wikidata.org/entity/Q41262	Nottingham	https://imagoarchive.it/resource/nottingham-priory-of-st-peter	The Priory Church of St Peter
http://www.wikidata.org/entity/Q134672	Exeter	http://www.wikidata.org/entity/Q47454892	Cathedral Library
http://www.wikidata.org/entity/Q109535	Zutphen	http://www.wikidata.org/entity/Q2922482	St. Walburgiskerk Librije
http://www.wikidata.org/entity/Q37776	Besançon	http://www.wikidata.org/entity/Q2901451	Bibliothèque Municipale
http://www.wikidata.org/entity/Q190827	Autun	http://www.wikidata.org/entity/Q21523265	Bibliothèque Bussy-Rabutin
http://www.wikidata.org/entity/Q7003	Dijon	http://www.wikidata.org/entity/Q18599906	Bibliothèque Municipale
http://www.wikidata.org/entity/Q179351	City of Westminster (London)	http://www.wikidata.org/entity/Q3329769	Westminster Abbey Museum
http://www.wikidata.org/entity/Q49111	Cambridge (MA)	http://www.wikidata.org/entity/Q13371	Harvard University Library
http://www.wikidata.org/entity/Q21713103	Cambridge	http://www.wikidata.org/entity/Q256754	Saint Catharine's College
http://www.wikidata.org/entity/Q24015514	El Burgo de Osma	http://www.wikidata.org/entity/Q509931	Catedral de la Asunción
http://www.wikidata.org/entity/Q8717	Sevilla	http://www.wikidata.org/entity/Q97642826	Biblioteca Capitular y Colombina 
http://www.wikidata.org/entity/Q6588	Périgueux	http://www.wikidata.org/entity/Q19606444	Archives départementales de la Dordogne
http://www.wikidata.org/entity/Q6576	Irkutsk	https://imagoarchive.it/resource/irkutsk-universitetskaja-biblioteka	Univerzitetska biblioteka
http://www.wikidata.org/entity/Q65	Los Angeles (CA)	http://www.wikidata.org/entity/Q174710	 University of California
http://www.wikidata.org/entity/Q97499728	Michaelbeuern	https://imagoarchive.it/resource/michaelbeuern-stiftsbibliothek	Stiftsbibliothek
http://www.wikidata.org/entity/Q2656	Palermo	http://www.wikidata.org/entity/Q3639563	Biblioteca Centrale della Regione Siciliana
http://www.wikidata.org/entity/Q2656	Palermo	http://www.wikidata.org/entity/Q81174731	Biblioteca Comunale
http://www.wikidata.org/entity/Q243467	Subiaco 	http://www.wikidata.org/entity/Q19843960	Biblioteca del Monumento Nazionale del Monastero di Santa Scolastica
http://www.wikidata.org/entity/Q1040	Karlsruhe	http://www.wikidata.org/entity/Q799084	Badische Landesbibliothek
http://www.wikidata.org/entity/Q64108	Engelberg	http://www.wikidata.org/entity/Q27480201	Stiftsbibliothek
http://www.wikidata.org/entity/Q21525592	Manchester	http://www.wikidata.org/entity/Q773989	University of Manchester Library
http://www.wikidata.org/entity/Q1781	Budapest	http://www.wikidata.org/entity/Q1063819	Országos Széchényi Könyvtár
http://www.wikidata.org/entity/Q1781	Budapest	http://www.wikidata.org/entity/Q772557	Egyetemi Könyvtár
http://www.wikidata.org/entity/Q131329	Arras	http://www.wikidata.org/entity/Q18599881	Médiathèque de l'Abbaye Saint-Vaast
http://www.wikidata.org/entity/Q131329	Arras	http://www.wikidata.org/entity/Q2860515	Archives départementales du Pas-de-Calais
http://www.wikidata.org/entity/Q5836	Toledo	http://www.wikidata.org/entity/Q85692455	Archivo y Biblioteca Capitulares
http://www.wikidata.org/entity/Q2814	Halle (Saale)	http://www.wikidata.org/entity/Q1600777	Universitäts- und Landesbibliothek Sachsen-Anhalt
http://www.wikidata.org/entity/Q1731	Dresden	http://www.wikidata.org/entity/Q101406232	Sächsische Landesbibliothek Staats- und Universitätsbibliothek Dresden Zweigbibliothek Medizin
http://www.wikidata.org/entity/Q1731	Dresden	http://www.wikidata.org/entity/Q323270	Sächsische Landesbibliothek, Staats- und Universitätsbibliothek 
http://www.wikidata.org/entity/Q3963	Fulda	https://imagoarchive.it/resource/fulda-hessische-landesbibliothek	Hessische Landesbibliothek
http://www.wikidata.org/entity/Q34966	Châtillon	http://www.wikidata.org/entity/Q113687391	Biblioteca Comprensoriale
http://www.wikidata.org/entity/Q29303	Canterbury	http://www.wikidata.org/entity/Q81165038	Cathedral and Chapter Library
http://www.wikidata.org/entity/Q1094226	Winchester	http://www.wikidata.org/entity/Q1059517	Winchester College
http://www.wikidata.org/entity/Q52095	Poppi	http://www.wikidata.org/entity/Q86537330	Biblioteca Comunale Rilli-Vettori
http://www.wikidata.org/entity/Q184359	Le Puy-en-Velay	https://imagoarchive.it/resource/le-puy-en-velay-chapitre-de-la-cathedrale	Chapître de la Cathédrale
http://www.wikidata.org/entity/Q640190	Seitenstetten	http://www.wikidata.org/entity/Q385745	Stiftsbibliothek
http://www.wikidata.org/entity/Q213154	Aberystwyth	http://www.wikidata.org/entity/Q666063	National Library of Wales
http://www.wikidata.org/entity/Q586	Bonn	http://www.wikidata.org/entity/Q101248363	Universitäts- und Landesbibliothek
http://www.wikidata.org/entity/Q185541	Bressanone/Brixen	http://www.wikidata.org/entity/Q113092485	Biblioteca del Seminario Maggiore
http://www.wikidata.org/entity/Q49239	Toledo (OH)	http://www.wikidata.org/entity/Q1743116	Toledo Museum of Art
http://www.wikidata.org/entity/Q203309	Vesoul	http://www.wikidata.org/entity/Q2901287	 Bibliothèque Municipale Louis Garret
http://www.wikidata.org/entity/Q52080	Cortona	http://www.wikidata.org/entity/Q86537302	Biblioteca Comunale e dell'Accademia Etrusca 
http://www.wikidata.org/entity/Q702126	Maria Saal	https://imagoarchive.it/resource/maria-saal-stiftsbibliothek	Stiftsbibliothek
http://www.wikidata.org/entity/Q8826	Palma de Mallorca	http://www.wikidata.org/entity/Q17405595	Biblioteca Balear de La Real 
http://www.wikidata.org/entity/Q69245	Cologny	http://www.wikidata.org/entity/Q47459130	Bibliotheca Bodmeriana
http://www.wikidata.org/entity/Q359324	Admont	http://www.wikidata.org/entity/Q304668	Stiftsbibliotheck
http://www.wikidata.org/entity/Q16087	Zeitz	https://imagoarchive.it/resource/zeitz-stiftsbibliotheck	Stiftsbibliotheck
http://www.wikidata.org/entity/Q83407	Mons	http://www.wikidata.org/entity/Q451	Mundaneum
http://www.wikidata.org/entity/Q41753	Klagenfurt	http://www.wikidata.org/entity/Q2496301	Universitätsbibliothek 
http://www.wikidata.org/entity/Q749	Groningen	http://www.wikidata.org/entity/Q200899	Bibliotheek der Rijksuniversiteit
http://www.wikidata.org/entity/Q9920	Haarlem	http://www.wikidata.org/entity/Q2140069	Stadsbibliotheek
http://www.wikidata.org/entity/Q193826	Douai	http://www.wikidata.org/entity/Q4903512	Bibliothèque Marceline-Desbordes-Valmore
http://www.wikidata.org/entity/Q16333	Casale Monferrato	http://www.wikidata.org/entity/Q113092328	Biblioteca del Seminario Vescovile
http://www.wikidata.org/entity/Q871451	Wilhering	http://www.wikidata.org/entity/Q364810	Zisterzienserstift
http://www.wikidata.org/entity/Q406	İstanbul	http://www.wikidata.org/entity/Q6554520	Topkapı Sarayı Müzesi Kütüphanesi
http://www.wikidata.org/entity/Q2790	Udine	http://www.wikidata.org/entity/Q113091746	Biblioteca Arcivescovile
http://www.wikidata.org/entity/Q1780	Bratislava	https://imagoarchive.it/resource/bratislava-archiv-hlavneho-mesta	Archív Hlavného Mesta
http://www.wikidata.org/entity/Q33518	Dover	http://www.wikidata.org/entity/Q5302511	Library of St. Martin''s Priory
http://www.wikidata.org/entity/Q103999	Chiari	http://www.wikidata.org/entity/Q113527438	Biblioteca Morcelliana
http://www.wikidata.org/entity/Q6252	Monza	http://www.wikidata.org/entity/Q3639562	Biblioteca Capitolare
http://www.wikidata.org/entity/Q1019688	Vyšší Brod	https://imagoarchive.it/resource/vyssi-brod-biblioteca-del-monastero	 Klásterní Knihovna
http://www.wikidata.org/entity/Q153969	Lindau (Bodensee)	http://www.wikidata.org/entity/Q1303266	Ehemals Reichsstädtische Bibliothek
http://www.wikidata.org/entity/Q42462	York	http://www.wikidata.org/entity/Q120869294	Minster Library
http://www.wikidata.org/entity/Q42462	York	http://www.wikidata.org/entity/Q4821239	Augustinian Friary, York
http://www.wikidata.org/entity/Q181285	Cambrai	http://www.wikidata.org/entity/Q55598713	Le Labo - Cambrai
http://www.wikidata.org/entity/Q1209	Bremen	http://www.wikidata.org/entity/Q1680376	Staats- und Universitätsbibliothek
http://www.wikidata.org/entity/Q3130	Sydney	http://www.wikidata.org/entity/Q367840	University Library
http://www.wikidata.org/entity/Q692880	Sankt Paul im Lavanttal	http://www.wikidata.org/entity/Q123423410	Bibliothek des Benediktinerstifts
http://www.wikidata.org/entity/Q32628107	Lüneburg	http://www.wikidata.org/entity/Q28733506	Ratsbücherei
http://www.wikidata.org/entity/Q14859	Ansbach	http://www.wikidata.org/entity/Q2324312	Staatliche Bibliothek
http://www.wikidata.org/entity/Q20103	Assisi	http://www.wikidata.org/entity/Q112875464	Biblioteca Comunale
http://www.wikidata.org/entity/Q20103	Assisi	http://www.wikidata.org/entity/Q3639655	Biblioteca del Centro di documentazione francescana della Basilica e Sacro convento di San Francesco in Assisi
http://www.wikidata.org/entity/Q6259	Pavia	http://www.wikidata.org/entity/Q24937404	Biblioteca Universitaria
http://www.wikidata.org/entity/Q6259	Pavia	http://www.wikidata.org/entity/Q81176547	Archivio Storico Civico
http://www.wikidata.org/entity/Q14274	Aarau	http://www.wikidata.org/entity/Q301235	Aargauische Kantonsbibliothek
http://www.wikidata.org/entity/Q25409	Košice	https://imagoarchive.it/resource/kosice-archiv-kosickej-arcidiecezy	Košická arcidiecéza
http://www.wikidata.org/entity/Q204720	Hereford	http://www.wikidata.org/entity/Q15223702	Cathedral Library
http://www.wikidata.org/entity/Q16121	Beaune	https://imagoarchive.it/resource/beaune-bibliotheque-municipale	Bibliothèque Gaspard-Monge
http://www.wikidata.org/entity/Q91341	Pienza 	http://www.wikidata.org/entity/Q3237948	Biblioteca di Palazzo Piccolomini
http://www.wikidata.org/entity/Q172438	Peterborough	https://imagoarchive.it/resource/peterborough-abbey-library	Cathedral Library
http://www.wikidata.org/entity/Q3012	Ulm	http://www.wikidata.org/entity/Q28720213	Stadtarchiv
http://www.wikidata.org/entity/Q41329	Linz	http://www.wikidata.org/entity/Q1439945	Oberösterreichische Landesbibliothek
http://www.wikidata.org/entity/Q7880	Toulouse	http://www.wikidata.org/entity/Q3332603	Médiathèque José-Cabanis
http://www.wikidata.org/entity/Q14960	Brno	http://www.wikidata.org/entity/Q1957240	Moravská Zemská Knihovna
http://www.wikidata.org/entity/Q181269	Alençon	http://www.wikidata.org/entity/Q18170054	Médiathèque de la Communauté Urbaine
http://www.wikidata.org/entity/Q47465	Aix-en-Provence	http://www.wikidata.org/entity/Q2901297	Bibliothèque Méjanes
http://www.wikidata.org/entity/Q174665	Alba Iulia	http://www.wikidata.org/entity/Q791371	Biblioteca Batthyaneum
http://www.wikidata.org/entity/Q208793	Saint-Omer	http://www.wikidata.org/entity/Q61931287	Bibliothèque d'Agglomération du Pays de Saint-Omer
http://www.wikidata.org/entity/Q13433	Avellino	http://www.wikidata.org/entity/Q113610682	Biblioteca Provinciale Scipione e Giulio Capone
http://www.wikidata.org/entity/Q18383	Providence (RI)	http://www.wikidata.org/entity/Q6225372	John Carter Brown Library
http://www.wikidata.org/entity/Q6716	Grosseto	http://www.wikidata.org/entity/Q3639565	Biblioteca comunale Chelliana
http://www.wikidata.org/entity/Q13666	Messina	http://www.wikidata.org/entity/Q113610821	Biblioteca Regionale Universitaria
http://www.wikidata.org/entity/Q15088	Tarragona	http://www.wikidata.org/entity/Q11909310	Biblioteca Pública del Estado
http://www.wikidata.org/entity/Q1903	Catania	http://www.wikidata.org/entity/Q3639695	Biblioteche Riunite Civica e Antonio Ursino Recupero
http://www.wikidata.org/entity/Q23482	Marseille	http://www.wikidata.org/entity/Q16010742	Archives Municipales
http://www.wikidata.org/entity/Q773312	Třeboň	http://www.wikidata.org/entity/Q12056841	Statní Oblastní Archiv
http://www.wikidata.org/entity/Q639972	Neuburg	http://www.wikidata.org/entity/Q2324315	Staatliche Bibliothek
http://www.wikidata.org/entity/Q36091	Minneapolis (MN)	http://www.wikidata.org/entity/Q6134064	University of Minnesota Library, James Ford Bell Collection
http://www.wikidata.org/entity/Q693657	Schlägl	https://imagoarchive.it/resource/schlagl-stiftsbibliothek	Prämonstratenser-Stiftsbibliothek
http://www.wikidata.org/entity/Q640587	Sankt Florian	https://imagoarchive.it/resource/sankt-florian-stiftsbibliothek	Stiftsbibliothek
http://www.wikidata.org/entity/Q527391	Bridlington	http://www.wikidata.org/entity/Q4525670	Priory Church
http://www.wikidata.org/entity/Q167600	Auxerre	https://imagoarchive.it/resource/auxerre-bibliotheque-jacques-lacarrier	Bibliothèque Jacques Lacarrière
http://www.wikidata.org/entity/Q1792	Gdansk	http://www.wikidata.org/entity/Q9170771	Biblioteka Gdanska Polskiej Akademii Nauk  
http://www.wikidata.org/entity/Q3936	Bamberg	http://www.wikidata.org/entity/Q324689	Staatsbibliothek
http://www.wikidata.org/entity/Q2132	Victoria	http://www.wikidata.org/entity/Q1458113	University Library
http://www.wikidata.org/entity/Q617407	Eton	http://www.wikidata.org/entity/Q192088	Eton College Library
